workload,before_mean_ns,before_lower_ns,before_upper_ns,after_mean_ns,after_lower_ns,after_upper_ns,ratio
boundary/capacity_reject,139.03199620079542,131.75639903986362,148.04841261829452,113.17334191674786,109.35772214135892,117.35571392165427,1.2284871494125322
boundary/partial_fill_1000,3123.826388888889,2390.4375,4025.5921875,566.6107270865336,542.1495295698925,594.495650921659,5.5131790479000475
scaling/cancel/head/1000,246069.2742504409,241701.99640652558,250026.41578483244,254609.35949900793,248988.86383928574,260685.77703373012,0.966458085966002
scaling/cancel/head/4000,1268055.7698412698,1199448.6984126982,1331930.5952380954,1108824.3304988663,1062154.361111111,1156286.546414399,1.1436038468517051
scaling/cancel/middle/1000,1269407.5608465606,1247722.738095238,1291388.2637896824,1405816.1752645504,1319849.3425925928,1500828.2408068783,0.9029683846166303
scaling/cancel/middle/4000,20421506.666666664,19068880.0,22076754.583333336,21363934.769841272,20595359.888888888,22507503.869642857,0.9558869602754544
scaling/cancel/random/1000,1030929.3378684806,991161.4376417233,1090871.619047619,1161482.985042735,1092764.4871794872,1242822.1250534188,0.887597451830557
scaling/cancel/random/4000,15310316.666666666,14976136.666666666,15707784.333333332,17925863.75595238,16740201.52529762,19293675.92261905,0.8540908753466785
scaling/cancel/tail/1000,1252496.1343537415,1229358.1938775512,1277020.0034013605,1532503.1071428573,1407653.0423280424,1698760.8952050263,0.8172878270301517
scaling/cancel/tail/4000,19754500.0,19056916.499999996,20376210.000000004,22843228.138888888,21444613.30555556,24339037.72222222,0.8647858297387242
scaling/insertion/many_levels/100,159270.0941358025,154840.64521604936,163487.22453703702,62497.9117673645,51467.37952417109,74637.85745019345,2.5484066528278952
scaling/insertion/many_levels/1000,13181830.597222222,12952151.068402778,13435610.055555556,647695.6327380952,597862.237470238,701120.9066517858,20.35189050371825
scaling/insertion/many_levels/4000,191337530.0,187569330.0,195658340.0,2852288.8134920634,2631622.7023809524,3090293.740376984,67.08210230847733
scaling/insertion/one_level/100,34043.932275132276,30892.084900284903,38346.91481481481,13250.10451150157,12950.40236662847,13605.817736185383,2.569333113227968
scaling/insertion/one_level/1000,1943392.6265873015,1905280.9606349207,1983407.6395337302,361994.8355762594,357790.46238785365,366103.39596273284,5.368564508644483
scaling/insertion/one_level/4000,25132848.46825397,24914549.270833332,25348576.333333336,1455984.8354700855,1404219.0999999999,1509220.6688034185,17.261751534753774
scaling/sweep/many_levels_single_market/1000,406108.61904761905,326081.224404762,504053.6428571427,300047.8341269841,280460.21613095235,328271.7888888889,1.3534795884437167
scaling/sweep/many_levels_single_market/4000,3058510.0,1584760.0,5729911.5,1578952.5972222222,1163146.7083333335,2144241.638888889,1.9370499186490424
scaling/sweep/many_levels_small_markets/1000,735747.3551587302,657673.0357142857,831705.1884920634,547232.827601411,530735.3548611111,565082.1547619049,1.3444868766071685
scaling/sweep/many_levels_small_markets/4000,4363290.0,3188527.2500000005,6073080.5,4609512.828042328,4387462.953703703,4828776.194113756,0.9465837633546841
scaling/sweep/one_level_single_market/1000,95861.14404761905,94351.34642857143,97358.47297619047,100327.36931216932,93437.96084656083,109385.01125661372,0.9554834807772784
scaling/sweep/one_level_single_market/4000,979913.1626984127,727171.6239087302,1226527.730555555,440952.89862914867,395303.5984848485,491355.36040764785,2.222262662848582
scaling/sweep/one_level_small_markets/1000,341590.37566137564,330247.01851851854,357622.453505291,393925.31031746033,376532.38333333336,414342.76587301586,0.8671450315951811
scaling/sweep/one_level_small_markets/4000,5015262.158730159,4275777.500000001,5737077.77361111,1715210.9345238097,1480227.8749999998,2055171.5469742042,2.9239914798715616
schema/serialize_1000_commands,347603.4717970522,333168.94657029485,363905.57730300457,365456.65484126983,336265.2728750001,400231.59523809527,0.951148288565242
